<?xml version="1.0" encoding="UTF-8"?>
<project xmlns="http://maven.apache.org/POM/4.0.0" xmlns:xsi="http://www.w3.org/2001/XMLSchema-instance" xsi:schemaLocation="http://maven.apache.org/POM/4.0.0 http://maven.apache.org/maven-v4_0_0.xsd">
  <parent>
    <artifactId>bukkit-modules</artifactId>
    <groupId>ru.galaxy773</groupId>
    <version>1.0</version>
  </parent>
  <modelVersion>4.0.0</modelVersion>
  <artifactId>boxes</artifactId>
  <build>
    <resources>
      <resource>
        <filtering>true</filtering>
        <directory>src/main/resources</directory>
      </resource>
    </resources>
  </build>
  <dependencies>
    <dependency>
      <groupId>ru.galaxy773</groupId>
      <artifactId>bukkit</artifactId>
      <version>1.0</version>
      <scope>provided</scope>
      <exclusions>
        <exclusion>
          <artifactId>SimplePerms</artifactId>
          <groupId>ru.Den_Abr</groupId>
        </exclusion>
        <exclusion>
          <artifactId>spigot1</artifactId>
          <groupId>org.spigot</groupId>
        </exclusion>
        <exclusion>
          <artifactId>trove4j</artifactId>
          <groupId>net.sf.trove4j</groupId>
        </exclusion>
      </exclusions>
    </dependency>
    <dependency>
      <groupId>ru.galaxy773</groupId>
      <artifactId>multiplatform</artifactId>
      <version>1.0</version>
      <scope>provided</scope>
      <exclusions>
        <exclusion>
          <artifactId>jedis</artifactId>
          <groupId>redis.clients</groupId>
        </exclusion>
        <exclusion>
          <artifactId>HikariCP</artifactId>
          <groupId>com.zaxxer</groupId>
        </exclusion>
        <exclusion>
          <artifactId>gson</artifactId>
          <groupId>com.google.code.gson</groupId>
        </exclusion>
        <exclusion>
          <artifactId>snakeyaml</artifactId>
          <groupId>org.yaml</groupId>
        </exclusion>
      </exclusions>
    </dependency>
    <dependency>
      <groupId>org.spigotmc</groupId>
      <artifactId>spigot</artifactId>
      <version>1.12.2-R0.1-SNAPSHOT</version>
      <scope>provided</scope>
    </dependency>
    <dependency>
      <groupId>org.bukkit</groupId>
      <artifactId>bukkit</artifactId>
      <version>1.12.2-R0.1-SNAPSHOT</version>
      <scope>provided</scope>
      <exclusions>
        <exclusion>
          <artifactId>commons-lang</artifactId>
          <groupId>commons-lang</groupId>
        </exclusion>
        <exclusion>
          <artifactId>json-simple</artifactId>
          <groupId>com.googlecode.json-simple</groupId>
        </exclusion>
        <exclusion>
          <artifactId>guava</artifactId>
          <groupId>com.google.guava</groupId>
        </exclusion>
        <exclusion>
          <artifactId>gson</artifactId>
          <groupId>com.google.code.gson</groupId>
        </exclusion>
        <exclusion>
          <artifactId>snakeyaml</artifactId>
          <groupId>org.yaml</groupId>
        </exclusion>
      </exclusions>
    </dependency>
    <dependency>
      <groupId>org.projectlombok</groupId>
      <artifactId>lombok</artifactId>
      <version>1.18.20</version>
      <scope>provided</scope>
    </dependency>
  </dependencies>
  <properties>
    <maven.compiler.target>8</maven.compiler.target>
    <maven.compiler.source>8</maven.compiler.source>
  </properties>
</project>

